probe_id,fsetid,atom,x,y,man_fsetid,type,start,stop,feature_type,P_SKMel29_AdDNp73beta_1.CEL,P_SKMel29_AdDNp73beta_2.CEL,P_SKMel29_AdDNp73beta_3.CEL,P_SKMel29_AdGFP_1.CEL,P_SKMel29_AdGFP_2.CEL,P_SKMel29_AdGFP_3.CEL,P_SKMel29_AdTAp73alpha_1.CEL,P_SKMel29_AdTAp73alpha_2.CEL,P_SKMel29_AdTAp73alpha_3.CEL,log2_P_SKMel29_AdDNp73beta_1.CEL,log2_P_SKMel29_AdDNp73beta_2.CEL,log2_P_SKMel29_AdDNp73beta_3.CEL,log2_P_SKMel29_AdGFP_1.CEL,log2_P_SKMel29_AdGFP_2.CEL,log2_P_SKMel29_AdGFP_3.CEL,log2_P_SKMel29_AdTAp73alpha_1.CEL,log2_P_SKMel29_AdTAp73alpha_2.CEL,log2_P_SKMel29_AdTAp73alpha_3.CEL,DNp73beta_mean_log2,DNp73beta_sd_log2,GFP_mean_log2,GFP_sd_log2,TAp73alpha_mean_log2,TAp73alpha_sd_log2,log2FC_TAp73alpha_vs_GFP,log2FC_DNp73beta_vs_GFP,log2FC_TAp73alpha_vs_DNp73beta
1274253,24521083,6624158,1252,475,PSR2200160978.hg.1,2,31325809.0,31326890.0,probeset_region,65.22222,71.55556,109.111115,88.55556,77.666664,95.666664,45.22222,62.666668,45.88889,6.049243500551913,6.181014213815878,6.7828162901715805,6.484711054398036,6.297680502001321,6.594946551338986,5.53051469023991,5.99246635612844,5.551174200306211,6.337691334846458,0.391079339275828,6.459112702579447,0.1502771863393674,5.691385082224854,0.26094856573777075,-0.7677276203545933,-0.12142136773298962,-0.6463062526216037
4267942,24521083,6624159,1381,1592,PSR2200160978.hg.1,2,31325809.0,31326890.0,probeset_region,67.55556,73.22222,76.666664,91.55556,57.77778,64.44444,78.333336,61.77778,79.333336,6.09920171338584,6.21377927455436,6.279223596693254,6.532247710350341,5.877198931478688,6.0321987850133105,6.309855308834222,5.9721820753414585,6.327926881180546,6.197401528211151,0.0911215811366819,6.147215142280779,0.34233579641138845,6.203321421785408,0.20037637968999608,0.056106279504628986,0.05018638593037217,0.005919893574256818
4414614,24521083,6624160,653,1647,PSR2200160978.hg.1,2,31325809.0,31326890.0,probeset_region,851.55554,1287.8889,1215.3334,883.44446,982.8889,1405.2222,948.2222,987.7778,807.6667,9.735650015168412,10.331912213823818,10.248322983125927,9.7886277361131,9.942351629973414,10.457608827369848,9.890602075913613,9.949502499730018,9.659401370695775,10.105295070706052,0.32283879906965224,10.062862731152121,0.3503942340353873,9.833168648779802,0.15334149856117438,-0.22969408237231903,0.04243233955393144,-0.2721264219262505
6256170,24521083,6624161,1049,2334,PSR2200160978.hg.1,2,31325809.0,31326890.0,probeset_region,165.22223,330.0,373.66666,172.77777,175.44444,248.22223,183.11111,199.88889,196.11111,7.376969517305696,8.370687406807217,8.549463780329344,7.441099739563813,7.463070181838064,7.961288942901702,7.524432912349784,7.65025393662135,7.622865317676991,8.099040234814085,0.6316880865939624,7.621819621434526,0.2941942219800894,7.599184055549375,0.06616898192623277,-0.022635565885151365,0.4772206133795587,-0.49985617926471004
6521373,24521083,6624162,932,2433,PSR2200160978.hg.1,2,31325809.0,31326890.0,probeset_region,49.22222,62.555557,35.11111,35.22222,60.666668,56.666668,63.11111,44.22222,49.333332,5.65025393662135,5.989946373821705,5.174370889539828,5.178803119025299,5.946418989543506,5.8496657587273875,6.002502497665137,5.49895995577998,5.653442202157268,5.604857066660961,0.40967853189062126,5.658295955765397,0.41806139774217294,5.718301551867462,0.2579608968538901,0.060005596102064906,-0.05343888910443617,0.11344448520650108
6533625,24521083,6624163,2464,2437,PSR2200160978.hg.1,2,31325809.0,31326890.0,probeset_region,91.333336,108.0,103.666664,101.55556,108.77778,141.0,73.44444,83.55556,117.0,6.528779705064095,6.768184324776926,6.709658213116682,6.68026186005371,6.778442241282942,7.149747119504682,6.218092251046435,6.40182767098867,6.882643049361842,6.668874080985901,0.12480445528989348,6.869483740280445,0.2476298005394765,6.500854323798983,0.34316417260623483,-0.3686294164814621,-0.20060965929454344,-0.16801975718691864
269017,24521084,6624164,1016,100,PSR2200160979.hg.1,2,31326891.0,31327275.0,probeset_region,112.0,150.0,161.55556,83.888885,157.44444,144.44444,129.55556,116.44444,128.0,6.820178962415188,7.2384047393250786,7.344789067743187,6.407503768965741,7.307833249564143,7.184324363685679,7.028520058745181,6.875834639113711,7.011227255423254,7.134457589827818,0.27732237210423166,6.966553794071854,0.4880740816219341,6.971860651094048,0.08360924885632384,0.005306857022194578,0.16790379575596415,-0.16259693873376957
317909,24521084,6624165,1668,118,PSR2200160979.hg.1,2,31326891.0,31327275.0,probeset_region,111.22222,140.11111,114.333336,130.0,149.55556,158.22223,137.77777,174.77777,126.77778,6.810214565298934,7.1406878148845845,6.8496657587273875,7.03342300153745,7.234152151045253,7.314897954267925,7.116632689665149,7.457608827369848,6.997493153960634,6.933522712970301,0.18049136753346015,7.194157702283543,0.14493689731214268,7.19057822366521,0.23880444871928,-0.003579478618332743,-0.2606349893132416,0.25705551069490884
2120718,24521084,6624166,837,791,PSR2200160979.hg.1,2,31326891.0,31327275.0,probeset_region,226.22223,270.44446,293.55554,245.55556,230.33333,275.8889,168.66667,199.22223,174.11111,7.827960169445535,8.084513218912635,8.20239588699332,7.945768960675284,7.853829320136962,8.11316333391413,7.406559388603614,7.645458343236441,7.452126845950332,8.038289758450496,0.1914496875596887,7.970920538242126,0.1314837787182122,7.501381525930128,0.12683727865299904,-0.4695390123119978,0.06736922020837,-0.5369082325203678
2160787,24521084,6624167,706,806,PSR2200160979.hg.1,2,31326891.0,31327275.0,probeset_region,135.88889,151.77777,154.66667,125.0,127.888885,135.88889,112.55556,103.22222,167.77777,7.0968615035159335,7.255290837816985,7.282316286127219,6.977279923499917,7.009984050617829,7.0968615035159335,6.827254501035211,6.70351909933864,7.398981095090634,7.211489542486713,0.10018624757324272,7.028041825877892,0.06180211165719974,6.976584898488162,0.37100070429370985,-0.05145692738973029,0.18344771660882042,-0.2349046439985507
2469819,24521084,6624168,1538,921,PSR2200160979.hg.1,2,31326891.0,31327275.0,probeset_region,136.66667,326.22223,345.33334,110.0,231.22223,251.22223,182.33333,126.55556,170.33333,7.105035524000417,8.35412694717538,8.436017480557991,6.794415866350106,7.859362267657567,7.978551619526765,7.518325267665812,6.994981944409141,7.420662005644357,7.965059983911263,0.7459276564105454,7.544109917844813,0.6519834380831011,7.311323072573103,0.2782773979560757,-0.23278684527171034,0.4209500660664496,-0.6537369113381599
3143727,24521084,6624169,86,1173,PSR2200160979.hg.1,2,31326891.0,31327275.0,probeset_region,308.77777,795.0,620.1111,402.1111,615.55554,1008.1111,499.33334,364.0,416.0,8.275089812842495,9.63662462054365,9.278707503279211,8.6550337512217,9.268087054471527,9.978869281199763,8.966745790231682,8.51175265376738,8.703903573444663,9.063473978888451,0.7058245962430791,9.300663362297664,0.6625187087786749,8.727467339147909,0.2284099972593013,-0.5731960231497553,-0.2371893834092127,-0.33600663974054257
1986337,24521085,6624170,456,741,PSR2200160980.hg.1,2,31327276.0,31327309.0,probeset_region,93.55556,125.0,132.0,120.44444,109.333336,118.44444,78.0,111.44444,99.22222,6.563090346111781,6.977279923499917,7.05528243550119,6.924152664088897,6.785724939339504,6.900195922556576,6.303780748177103,6.813068551499251,6.647058609610308,6.865217568370962,0.2645406240866682,6.8700245086616585,0.07398171670850322,6.587969303095554,0.2597348191164801,-0.2820552055661043,-0.004806940290696282,-0.277248265275408
2092703,24521085,6624171,2302,780,PSR2200160980.hg.1,2,31327276.0,31327309.0,probeset_region,91.0,170.0,148.0,87.666664,138.33333,217.88889,78.0,144.33333,83.55556,6.523561956057013,7.417852514885898,7.219168520462161,6.470319893400748,7.122396578695182,7.774054890552412,6.303780748177103,7.1832217735654496,6.40182767098867,7.053527663801691,0.46959191959512125,7.122257120882781,0.6518675097639652,6.629610064243741,0.481941638885646,-0.49264705663903996,-0.06872945708109057,-0.4239175995579494
2586193,24521085,6624172,2672,964,PSR2200160980.hg.1,2,31327276.0,31327309.0,probeset_region,85.111115,125.0,75.55556,96.666664,103.44444,183.0,113.888885,69.55556,82.55556,6.42812755552904,6.977279923499917,6.258435203212311,6.609794316134915,6.706591921703773,7.523561956057013,6.844095426292777,6.1406878148845845,6.384663879508968,6.554614227413755,0.3757440506444451,6.946649397965234,0.5019596785340099,6.4564823735621095,0.3571610127278602,-0.49016702440312443,-0.39203517055147863,-0.0981318538516458
2632512,24521085,6624173,751,982,PSR2200160980.hg.1,2,31327276.0,31327309.0,probeset_region,105.888885,139.55556,126.888885,105.666664,160.22223,130.11111,90.0,81.666664,57.444443,6.739968036561036,7.134996685541557,6.998747078438346,6.736965559769676,7.332906863310246,7.034646180118381,6.507794640198696,6.369233765283099,5.868993945998698,6.957903933513646,0.20065649813636463,7.034839534399434,0.2979706988209026,6.248674117160164,0.33603207182387274,-0.7861654172392702,-0.07693560088578799,-0.7092298163534823
5966017,24521085,6624174,336,2226,PSR2200160980.hg.1,2,31327276.0,31327309.0,probeset_region,98.77778,113.55556,154.44444,108.666664,97.111115,179.33333,114.44444,60.666668,79.55556,6.64064664555595,6.839903637277668,7.280255229987073,6.776981239558493,6.616344676067488,7.494522242414754,6.851054916274431,5.946418989543506,6.331912213823817,6.920268504273564,0.3272898855830215,6.962616052680246,0.46759402518740817,6.376462039880585,0.4539604115276418,-0.5861540127996605,-0.04234754840668131,-0.5438064643929792
6356295,24521085,6624175,2014,2371,PSR2200160980.hg.1,2,31327276.0,31327309.0,probeset_region,85.77778,168.88889,173.33333,91.77778,98.22222,154.22223,130.77777,89.111115,116.888885,6.439253750792996,7.40844766112349,7.445704593434428,6.535707399101006,6.632591351353166,7.27819136699873,7.041963218858228,6.493633157062948,6.881283897976167,7.097802001783638,0.5706236666257638,6.815496705817634,0.40362282785431813,6.805626757965782,0.2818855553110468,-0.009869947851852245,0.28230529596600373,-0.292175243817856
3302133,24521086,6624176,372,1232,PSR2200160981.hg.1,2,31328787.0,31328859.0,probeset_region,142.11111,117.22222,95.55556,145.55556,154.55556,154.66667,112.77778,83.333336,100.666664,7.160991910855191,6.885357423714056,6.5932873907044,7.195303864498982,7.281286126114145,7.282316286127219,6.830075009306603,6.398031117478646,6.667702895640929,6.879878908424549,0.2838919092669659,7.252968758913448,0.0499419196996553,6.631936340808726,0.21823133585689675,-0.621032418104722,-0.3730898504888991,-0.2479425676158229
4565169,24521086,6624177,1128,1703,PSR2200160981.hg.1,2,31328787.0,31328859.0,probeset_region,104.333336,149.0,128.0,115.44444,138.55556,151.66667,152.44444,93.0,163.33333,6.7188182822878755,7.22881869049588,7.011227255423254,6.863497979089623,7.124695764976209,7.254241335440807,7.261572586875276,6.554588851677638,7.360481291004058,6.986288076069003,0.2559132198485075,7.080811693168879,0.19903379474837973,7.058880909852324,0.4395208674132033,-0.021930783316554958,-0.09452361709987667,0.07259283378332171
4653023,24521086,6624178,542,1736,PSR2200160981.hg.1,2,31328787.0,31328859.0,probeset_region,40.22222,80.0,68.111115,58.77778,68.55556,58.11111,58.77778,64.44444,79.333336,5.365350345510325,6.339850002884624,6.1108458394721445,5.901537381573214,6.120093880656087,5.885357423714056,5.901537381573214,6.0321987850133105,6.327926881180546,5.938682062622365,0.5095514400922074,5.968996228647786,0.1311042451292001,6.087221015922356,0.21845499711497568,0.11822478727457053,-0.030314166025420697,0.14853895329999123
4969270,24521086,6624179,549,1854,PSR2200160981.hg.1,2,31328787.0,31328859.0,probeset_region,206.66667,300.77777,322.77777,290.55554,170.66667,259.44446,288.44446,377.33334,345.55554,7.698125887637964,8.237342730381537,8.338860130404246,8.187626936060589,7.423466164094626,8.024831928112286,8.177142723328252,8.563514120247921,8.436942779468152,8.091442916141249,0.34438373845150266,7.878641676089167,0.40250976844399855,8.392533207681444,0.196976830208843,0.513891531592277,0.212801240052082,0.30109029154019495
6045903,24521086,6624180,2502,2255,PSR2200160981.hg.1,2,31328787.0,31328859.0,probeset_region,189.77777,198.88889,158.0,214.88889,211.88889,223.22223,165.11111,146.44444,201.0,7.575749271275536,7.643054445335818,7.312882955284356,7.7541451614834545,7.733956821314975,7.808785501298889,7.376004797093027,7.204027637338748,7.658211482751795,7.510562223965237,0.17447153510953348,7.765629161365773,0.038713621982534266,7.4127479723945235,0.22931045998159988,-0.3528811889712493,-0.2550669374005361,-0.09781425157071322
6346125,24521086,6624181,2564,2367,PSR2200160981.hg.1,2,31328787.0,31328859.0,probeset_region,56.444443,67.22222,68.22222,57.77778,65.333336,79.0,64.44444,86.333336,60.22222,5.844095426292777,6.092169826001337,6.113163333914129,5.877198931478688,6.051662175133495,6.321928094887363,6.0321987850133105,6.4484605428273225,5.9359834871526385,6.016476195402748,0.14965469926744646,6.0835964004998475,0.2240777839475764,6.138880938331091,0.2723857458194849,0.055284537831243874,-0.06712020509709937,0.12240474292834325
412803,24521087,6624182,82,154,PSR2200160982.hg.1,2,31328860.0,31328924.0,probeset_region,47.333332,56.88889,72.77778,84.888885,79.666664,77.666664,91.0,61.22222,70.333336,5.594946551338986,5.855214571399429,6.205114446481254,6.424399545525795,6.333900691070422,6.297680502001321,6.523561956057013,5.959357995847494,6.156504537114054,5.885091856406556,0.30617920273123406,6.351993579532512,0.06526824233588373,6.21314149633952,0.2863343081814621,-0.13885208319299203,-0.46690172312595557,0.32804963993296354
626981,24521087,6624183,2540,233,PSR2200160982.hg.1,2,31328860.0,31328924.0,probeset_region,51.0,82.666664,53.22222,68.44444,61.11111,70.44444,75.111115,37.333332,44.666668,5.700439718141092,6.3865810093774655,5.760812313565472,6.11778734288509,5.956779461555717,6.1587498916495855,6.2500352406793835,5.260527502367176,5.5130696224105,5.949277680361344,0.3799169168989534,6.077772232030131,0.10676572708798704,5.674544121819021,0.5141370454600205,-0.40322811021110994,-0.12849455166878698,-0.27473355854232295
1824475,24521087,6624184,2074,680,PSR2200160982.hg.1,2,31328860.0,31328924.0,probeset_region,25.333334,38.666668,40.22222,30.88889,32.333332,34.0,34.666668,47.444443,31.0,4.7188182822878755,5.309855308834222,5.365350345510325,4.994981944409141,5.058893634019119,5.129283016944966,5.156504537114054,5.5982592728442935,5.0,5.131341312210807,0.35833135843310954,5.0610528651244095,0.06717656756855607,5.251587936652783,0.31025663415457666,0.19053507152837312,0.07028844708639781,0.12024662444197531
2275345,24521087,6624185,24,849,PSR2200160982.hg.1,2,31328860.0,31328924.0,probeset_region,37.22222,37.666668,33.88889,34.88889,48.0,82.55556,32.11111,43.444443,46.11111,5.256339721263013,5.273018541849905,5.124695764976209,5.165465370290141,5.614709844115208,6.384663879508968,5.049243500551913,5.473931133297963,5.557995440141064,5.218018009363043,0.08124854913836534,5.721613031304773,0.6165893850803933,5.360390024663647,0.272719309036531,-0.3612230066411257,-0.50359502194173,0.14237201530060428
2813717,24521087,6624186,2396,1049,PSR2200160982.hg.1,2,31328860.0,31328924.0,probeset_region,67.44444,86.111115,98.111115,53.11111,57.77778,110.333336,57.22222,92.666664,61.22222,6.0968615035159335,6.444784898830495,6.630974947836241,5.757852949339322,5.877198931478688,6.798741824707655,5.863497979089623,6.549463780329344,5.959357995847494,6.390873783394223,0.2711071727686539,6.144597901841888,0.569639420800442,6.12410658508882,0.3714752257693214,-0.020491316753068034,0.24627588155233493,-0.26676719830540296
5333564,24521087,6624187,363,1990,PSR2200160982.hg.1,2,31328860.0,31328924.0,probeset_region,49.0,60.444443,57.11111,52.333332,77.0,54.22222,48.555557,86.111115,65.111115,5.643856189774724,5.941210628984475,5.86074212428179,5.736965559769676,6.285402218862249,5.787177017973314,5.630974947836241,6.444784898830495,6.046820930748888,5.815269647680329,0.15380417818004521,5.936514932201746,0.30318649661343705,6.04086025913854,0.4069377179481552,0.10434532693679444,-0.12124528452141714,0.22559061145821158
1278240,24521088,6624188,2559,476,PSR2200160983.hg.1,2,31335418.0,31335691.0,probeset_region,27.333334,28.88889,41.88889,42.444443,25.0,39.333332,35.88889,27.11111,29.88889,4.82442846778975,4.901537381573214,5.422532050083397,5.441099739563813,4.700439718141092,5.333900691070422,5.205114446481254,4.813068551499251,4.949016091077759,5.049499299815454,0.3253483067814643,5.158480049591776,0.40027942480979634,4.989066363019421,0.1990678631899451,-0.169413686572355,-0.10898074977632177,-0.06043293679603323
2309971,24521088,6624189,2490,861,PSR2200160983.hg.1,2,31335418.0,31335691.0,probeset_region,95.55556,64.44444,64.44444,135.66667,91.77778,77.77778,86.111115,134.88889,99.22222,6.5932873907044,6.0321987850133105,6.0321987850133105,7.0945176524764335,6.535707399101006,6.299716831321731,6.444784898830495,7.086283651085434,6.647058609610308,6.219228320243674,0.3239446575349821,6.643313960966391,0.4081806774510695,6.7260423865087455,0.32796187285417444,0.0827284255423546,-0.42408564072271737,0.506814066265072
3604042,24521088,6624190,2121,1344,PSR2200160983.hg.1,2,31335418.0,31335691.0,probeset_region,41.11111,49.11111,60.22222,57.77778,46.88889,67.55556,52.22222,49.333332,69.55556,5.396129022207817,5.647058609610308,5.9359834871526385,5.877198931478688,5.581619070415799,6.09920171338584,5.733956821314975,5.653442202157268,6.1406878148845845,5.659723706323587,0.2701499848903982,5.8526732384267754,0.2596614724804599,5.842695612785609,0.26118990286451554,-0.009977625641166554,-0.19294953210318866,0.1829719064620221
4025179,24521088,6624191,2498,1501,PSR2200160983.hg.1,2,31335418.0,31335691.0,probeset_region,67.55556,46.666668,46.88889,35.0,45.88889,53.333332,47.0,36.444443,56.333332,6.09920171338584,5.574908874542861,5.581619070415799,5.169925001442312,5.551174200306211,5.763765619746456,5.584962500721156,5.226679714416758,5.8413022219841695,5.7519098861148334,0.3007822578695248,5.494954940498327,0.30088556606619044,5.550981479040694,0.30871708582122454,0.05602653854236728,0.25695494561650634,-0.20092840707413906
6502367,24521088,6624192,686,2426,PSR2200160983.hg.1,2,31335418.0,31335691.0,probeset_region,68.0,56.555557,37.555557,55.22222,74.77778,79.0,68.44444,56.666668,45.555557,6.108524456778169,5.846883328741884,5.2688669145762335,5.813068551499251,6.2437029437209945,6.321928094887363,6.11778734288509,5.8496657587273875,5.540881484795891,5.741424900032096,0.42964788744226595,6.126233196702536,0.2740143514904371,5.836111528802789,0.2886916696686022,-0.29012166789974714,-0.3848082966704398,0.09468662877069267
6708856,24521088,6624193,815,2503,PSR2200160983.hg.1,2,31335418.0,31335691.0,probeset_region,29.0,48.555557,34.555557,41.11111,34.22222,34.77778,48.88889,35.77778,29.555555,4.906890595608519,5.630974947836241,5.152003162238109,5.396129022207817,5.138413993975045,5.160991910855191,5.64064664555595,5.200762438618348,4.933362796963446,5.229956235227623,0.3682825660775179,5.231844975679351,0.14272132475732927,5.258257293712582,0.3571300244892415,0.02641231803323052,-0.0018887404517284878,0.028301058484959007
524986,24521089,6624194,2385,195,PSR2200160984.hg.1,2,31335692.0,31335863.0,probeset_region,78.333336,70.666664,92.55556,69.44444,58.666668,73.44444,79.0,69.22222,61.88889,6.309855308834222,6.163230297673468,6.547751447768714,6.138413993975045,5.898853307288602,6.218092251046435,6.321928094887363,6.133855729318825,5.974733251112971,6.340279018092136,0.1940575437374191,6.0851198507700275,0.16615828320571913,6.143505691773053,0.17379846437010615,0.058385841003025796,0.2551591673221081,-0.1967733263190823
584488,24521089,6624195,247,218,PSR2200160984.hg.1,2,31335692.0,31335863.0,probeset_region,87.0,78.888885,130.33333,111.55556,79.666664,112.77778,71.22222,77.111115,60.444443,6.459431618637297,6.31992289776255,7.037089262862683,6.814493479090099,6.333900691070422,6.830075009306603,6.174370889539828,6.287455940258328,5.941210628984475,6.605481259754176,0.3802364686093527,6.659489726489042,0.28207598446091114,6.13434581959421,0.17655865473800902,-0.525143906894832,-0.05400846673486637,-0.47113544015996567
1870464,24521089,6624196,2503,697,PSR2200160984.hg.1,2,31335692.0,31335863.0,probeset_region,179.88889,211.11111,246.55556,143.44444,135.88889,219.44444,169.88889,123.55556,130.66667,7.49895995577998,7.728676409024778,7.951608525778231,7.174370889539828,7.0968615035159335,7.784271297848908,7.416914757893013,6.96064558100074,7.040746398074395,7.726414963527663,0.2263327585263957,7.351834563634889,0.3765010930312343,7.139435578989382,0.24361866978485303,-0.21239898464550677,0.3745803998927739,-0.5869793845382807
2950253,24521089,6624197,2252,1100,PSR2200160984.hg.1,2,31335692.0,31335863.0,probeset_region,164.88889,292.0,327.55554,171.55556,219.22223,456.55554,185.33333,171.22223,186.66667,7.374073419202906,8.194756854422248,8.359993467120947,7.430917127119992,7.7828162901715805,8.837803070423979,7.541741932741391,7.42812755552904,7.552028650459924,7.976274580248702,0.5280250593652843,8.017178829238517,0.7321382138332989,7.507299379576785,0.06875745365151728,-0.5098794496617325,-0.040904248989815706,-0.4689752006719168
4617461,24521089,6624198,2500,1722,PSR2200160984.hg.1,2,31335692.0,31335863.0,probeset_region,94.888885,145.77777,111.44444,79.888885,115.44444,136.77777,77.111115,80.666664,90.111115,6.583291696719772,7.19748968314659,6.813068551499251,6.337869578278967,6.863497979089623,7.106199332819732,6.287455940258328,6.351675393355333,6.509555151755277,6.864616643788537,0.31032675681721056,6.7691889633961075,0.39275093349217866,6.38289549512298,0.11429363937979375,-0.38629346827312716,0.09542768039242944,-0.4817211486655566
5592455,24521089,6624199,1974,2086,PSR2200160984.hg.1,2,31335692.0,31335863.0,probeset_region,390.1111,369.77777,486.1111,446.44446,434.66666,490.44446,521.44446,435.33334,448.55554,8.611434724590177,8.534410943352498,8.928107091560998,8.805564799235807,8.76708089138831,8.94088456527326,9.029133859665032,8.769286914858583,8.81235555958897,8.691317586501222,0.20865070811975894,8.83784341863246,0.0912872456402968,8.87025877803753,0.13926484018350635,0.032415359405069566,-0.14652583213123727,0.17894119153630683
424331,24521090,6624200,890,158,PSR2200160986.hg.1,2,31340679.0,31341404.0,probeset_region,54.88889,90.77778,50.666668,44.11111,69.22222,82.44444,55.555557,54.22222,45.88889,5.804489599304457,6.520072983302665,5.691161940059176,5.495410902187581,6.133855729318825,6.3827440667593365,5.821596887882458,5.787177017973314,5.551174200306211,6.005241507555432,0.44944340678505706,6.004003566088581,0.45769665113359953,5.719982702053994,0.1472019516103271,-0.28402086403458693,0.001237941466850856,-0.2852588055014378
1763430,24521090,6624201,2669,657,PSR2200160986.hg.1,2,31340679.0,31341404.0,probeset_region,37.88889,87.55556,80.55556,44.333332,40.555557,49.333332,41.22222,38.88889,33.444443,5.281286126114145,6.4685109401689616,6.349711281392425,5.502500300062676,5.376969517305696,5.653442202157268,5.399930577923136,5.3179150477106685,5.106199332819732,6.033169449225177,0.6538537591929271,5.510970673175213,0.13843083754264562,5.274681652817846,0.15156304270160365,-0.23628902035736665,0.5221987760499642,-0.7584877964073309
3253386,24521090,6624202,2545,1213,PSR2200160986.hg.1,2,31340679.0,31341404.0,probeset_region,52.333332,162.77777,71.333336,48.444443,34.88889,103.22222,36.22222,54.666668,43.77778,5.736965559769676,7.3555957479138705,6.176588782446316,5.62773647494228,5.165465370290141,6.70351909933864,5.218092251046435,5.798741824707655,5.484711054398036,6.423050030043288,0.8369876232168667,5.83224031485702,0.7891569449513222,5.500515043384042,0.2906472198372823,-0.3317252714729779,0.5908097151862677,-0.9225349866592456
4015078,24521090,6624203,437,1498,PSR2200160986.hg.1,2,31340679.0,31341404.0,probeset_region,173.44444,82.333336,77.44444,63.444443,75.666664,110.333336,94.111115,71.22222,70.77778,7.446623828315161,6.3808218279684885,6.293599340647877,6.009984050617829,6.260527502367176,6.798741824707655,6.571542036392898,6.174370889539828,6.165465370290141,6.707014998977176,0.6420030030300695,6.35641779256422,0.4030271918398795,6.303792765407621,0.23192041987099032,-0.05262502715659867,0.35059720641295566,-0.40322223356955433
4056939,24521090,6624204,2098,1513,PSR2200160986.hg.1,2,31340679.0,31341404.0,probeset_region,42.0,68.55556,87.0,53.22222,74.44444,87.0,50.88889,48.0,36.333332,5.426264754702098,6.120093880656087,6.459431618637297,5.760812313565472,6.2373427303815365,6.459431618637297,5.697353750052028,5.614709844115208,5.222392372198547,6.001930084665161,0.5266217372988535,6.152528887528102,0.35694855975257195,5.511485322121928,0.2537489981628998,-0.6410435654061741,-0.15059880286294103,-0.4904447625432331
4142521,24521090,6624205,1920,1545,PSR2200160986.hg.1,2,31340679.0,31341404.0,probeset_region,41.11111,133.55556,125.22222,58.77778,62.666668,117.111115,68.0,52.11111,51.555557,5.396129022207817,7.072058166430199,6.979822108373206,5.901537381573214,5.99246635612844,6.884000921507003,6.108524456778169,5.730941795024953,5.715771418437842,6.4826697656704075,0.9421013549531981,6.259334886402885,0.5428837455320795,5.851745890080321,0.22250608827175827,-0.4075889963225645,0.22333487926752227,-0.6309238755900868
87654,24521091,6624206,1893,32,PSR2200160987.hg.1,2,31341405.0,31341683.0,probeset_region,200.44444,632.44446,794.0,222.44444,204.0,918.1111,265.0,215.88889,186.11111,7.654238196159662,9.307074315581861,9.634811050171718,7.803772353916356,7.679480099505446,9.844095426292778,8.055282435501189,7.760812313565472,7.547751447768714,8.865374520637749,1.0615984359222745,8.442449293238193,1.2154509668665328,7.787948732278458,0.2548513582318136,-0.6545005609597343,0.4229252273995563,-1.0774257883592906
189181,24521091,6624207,1580,70,PSR2200160987.hg.1,2,31341405.0,31341683.0,probeset_region,88.666664,86.666664,115.333336,81.22222,95.0,86.333336,85.44444,50.0,67.77778,6.486499820917662,6.453956446719854,6.862120757026862,6.361456444199825,6.584962500721156,6.4484605428273225,6.433701315248533,5.672425341971495,6.103870615553681,6.600859008221459,0.22684365506376314,6.464959829249435,0.11266281180921363,6.069999090924569,0.38176660017313024,-0.39496073832486545,0.13589917897202408,-0.5308599172968895
1285389,24521091,6624208,1668,479,PSR2200160987.hg.1,2,31341405.0,31341683.0,probeset_region,75.666664,67.44444,98.77778,77.77778,65.666664,69.55556,87.111115,130.33333,80.0,6.260527502367176,6.0968615035159335,6.64064664555595,6.299716831321731,6.058893634019119,6.1406878148845845,6.461252109781915,7.037089262862683,6.339850002884624,6.332678550479687,0.2789801076845277,6.166432760075144,0.12245837963125202,6.61273045850974,0.37248478360017495,0.44629769843459677,0.16624579040454357,0.2800519080300532
3548113,24521091,6624209,2472,1323,PSR2200160987.hg.1,2,31341405.0,31341683.0,probeset_region,190.44444,441.77777,476.8889,155.55556,229.33333,519.2222,207.77777,220.88889,227.22223,7.5807819720062115,8.79043898533888,8.90053140426575,7.2905309104910145,7.847579367809245,9.022984236476859,7.705824303114987,7.793693593954811,7.834295507745949,8.423917453870281,0.7322487048536923,8.053698171592373,0.8844276977993136,7.7779378016052485,0.06566883849478777,-0.2757603699871245,0.37021928227790823,-0.6459796522650327
5850936,24521091,6624210,495,2183,PSR2200160987.hg.1,2,31341405.0,31341683.0,probeset_region,1128.7778,863.7778,1050.8889,1096.0,1035.6666,877.55554,971.1111,915.6667,1066.3334,10.141823382842832,9.756185629029215,10.038766642547843,10.099347810403193,10.017736307669722,9.778989685597148,9.924977371050728,9.84025343459827,10.059795146795173,9.978925218139963,0.1996618800572006,9.965357934556687,0.16647808417262486,9.94167531748139,0.11071927072482812,-0.02368261707529662,0.01356728358327608,-0.0372499006585727
6319637,24521091,6624211,196,2358,PSR2200160987.hg.1,2,31341405.0,31341683.0,probeset_region,183.22223,451.1111,518.6667,233.33333,215.22223,592.55554,204.0,159.11111,129.0,7.525303343162675,8.82053357445164,9.02144276845842,7.872418347037326,7.756371038588088,9.2132392262257,7.679480099505446,7.322929649285911,7.022367813028454,8.455759895357579,0.812036435574743,8.280676203950371,0.8097049384411886,7.3415925206066035,0.32895344098246593,-0.9390836833437675,0.1750836914072078,-1.1141673747509753
107039,24521092,6624212,2518,39,PSR2200160988.hg.1,2,31342897.0,31342960.0,probeset_region,206.88889,565.44446,595.7778,176.55556,295.77777,579.55554,157.11111,170.55556,207.66667,7.699668818266907,9.145790691124855,9.221049988318674,7.472126705261497,8.2132392262257,9.181290286707986,7.304794976024127,7.422532050083397,7.7050563813772435,8.688836499236812,0.8574704171340618,8.288885406065061,0.8570891408884868,7.477461135828256,0.20570659080201475,-0.8114242702368051,0.3999510931717509,-1.211375363408556
3112658,24521092,6624213,1177,1161,PSR2200160988.hg.1,2,31342897.0,31342960.0,probeset_region,204.66667,501.1111,497.55554,209.22223,257.33334,427.55554,203.66667,178.22223,172.77777,7.684164214106996,8.971862849971457,8.961610427985038,7.715771418437842,8.013090056250196,8.743338383526549,7.6771323805020835,7.485605776304227,7.441099739563813,8.539212497354496,0.7405112781399893,8.157399952738196,0.5287650485836661,7.534612632123374,0.12541573200772163,-0.6227873206148216,0.38181254461630054,-1.004599865231122
3241787,24521092,6624214,1666,1209,PSR2200160988.hg.1,2,31342897.0,31342960.0,probeset_region,131.22223,232.77777,189.44444,170.66667,131.55556,232.77777,139.88889,167.0,165.44444,7.046820930748888,7.868993945998698,7.573226379826676,7.423466164094626,7.050453344705371,7.868993945998698,7.138413993975045,7.392317422778761,7.378896892320991,7.496347085524754,0.4164431968114164,7.447637818266233,0.40980529601318477,7.303209436358266,0.14287470396173352,-0.14442838190796703,0.04870926725852076,-0.1931376491664878
3365075,24521092,6624215,1674,1255,PSR2200160988.hg.1,2,31342897.0,31342960.0,probeset_region,93.77778,142.77777,167.88889,115.44444,103.666664,196.88889,121.0,64.333336,87.55556,6.566476942779717,7.1676968325014165,7.399930577923136,6.863497979089623,6.709658213116682,7.628546774938611,6.930737337562887,6.029747399551651,6.4685109401689616,7.04470145106809,0.430124561463179,7.06723432238164,0.4921589381950661,6.476331892427833,0.45054588286882535,-0.5909024299538066,-0.022532871313549308,-0.5683695586402573
3477250,24521092,6624216,1289,1297,PSR2200160988.hg.1,2,31342897.0,31342960.0,probeset_region,390.8889,748.2222,778.55554,340.33334,353.1111,757.55554,374.66666,346.8889,279.44446,8.614300846500935,9.549249893944511,9.60650800590119,8.415037542274506,8.468058316150275,9.567111009301778,8.553309260384907,8.442482777634538,8.131571263314497,9.256686248782211,0.5570582345179627,8.81673562257552,0.6503846679996635,8.375787767111314,0.21863646279786025,-0.4409478554642057,0.43995062620669145,-0.8808984816708971
3649155,24521092,6624217,1674,1361,PSR2200160988.hg.1,2,31342897.0,31342960.0,probeset_region,284.44446,752.55554,583.6667,391.8889,273.0,663.1111,265.55554,416.1111,243.88889,8.15706624201056,9.557570041615817,9.191470581926037,8.617977545497887,8.098032082960527,9.375280767053985,8.058292367441268,8.704287945116734,7.9359834871526385,8.968702288517472,0.7263415226932262,8.697096798504134,0.6422896094456279,8.232854599903547,0.4128279481618664,-0.46424219860058713,0.27160549001333756,-0.7358476886139247
131206,24521093,6624218,2565,48,PSR2200160989.hg.1,2,31342961.0,31343285.0,probeset_region,1131.1111,1019.1111,996.6667,1265.8889,1185.7778,873.1111,740.6667,894.1111,840.55554,10.14479980860102,9.99451054625824,9.962414092197298,10.307074315581861,10.21283416856689,9.77167282205189,9.5346271595953,9.805922922842964,9.716914681190161,10.033908149018854,0.09736665607119817,10.097193768733547,0.2858202518607496,9.685821587876141,0.13829473282778693,-0.41137218085740557,-0.06328561971469249,-0.3480865611427131
269274,24521093,6624219,1273,100,PSR2200160989.hg.1,2,31342961.0,31343285.0,probeset_region,29.222221,30.333334,26.0,26.555555,28.666666,43.0,28.0,29.333334,26.333334,4.91753779934152,4.969626380230124,4.754887502163468,4.784271297848908,4.890770899327012,5.459431618637297,4.857980995127572,4.922832169716248,4.772589537454517,4.880683893911704,0.11201274122796863,5.044824605271072,0.3629872903120639,4.8511342340994466,0.07535496493042511,-0.19369037117162513,-0.16414071135936759,-0.029549659812257545
1611740,24521093,6624220,1059,601,PSR2200160989.hg.1,2,31342961.0,31343285.0,probeset_region,165.66667,137.11111,175.44444,128.44444,172.55556,115.22222,96.44444,130.44444,105.111115,7.3808218279684885,7.109685615030573,7.463070181838064,7.016189219203382,7.439253750792996,6.86074212428179,6.60650800590119,7.03830933828904,6.729431967582953,7.3178592082790415,0.18491452518136028,7.105395031426056,0.299394694680601,6.791416437257728,0.22247393897629458,-0.3139785941683284,0.21246417685298535,-0.5264427710213138
4200895,24521093,6624221,1334,1567,PSR2200160989.hg.1,2,31342961.0,31343285.0,probeset_region,218.0,177.11111,153.33333,147.33333,146.55556,207.66667,214.88889,174.11111,159.33333,7.774787059601174,7.476633736177961,7.26990583499312,7.212698975663436,7.205114446481254,7.7050563813772435,7.7541451614834545,7.452126845950332,7.324930537282192,7.507108876924085,0.2538164955101503,7.374289934507311,0.28647724700567184,7.5104008482386595,0.22046131840774857,0.13611091373134876,0.13281894241677428,0.0032919713145744822
5717389,24521093,6624222,948,2133,PSR2200160989.hg.1,2,31342961.0,31343285.0,probeset_region,29.88889,35.0,30.222221,27.333334,29.444445,28.88889,28.88889,28.88889,39.22222,4.949016091077759,5.169925001442312,4.9645012796081875,4.82442846778975,4.928107091560997,4.901537381573214,4.901537381573214,4.901537381573214,5.3299208552351205,5.027814124042753,0.12331493775050187,4.884690980307987,0.05385318173949158,5.04433187279385,0.24732731383508857,0.15964089248586344,0.14312314373476642,0.016517748751097017
6733944,24521093,6624223,1783,2512,PSR2200160989.hg.1,2,31342961.0,31343285.0,probeset_region,83.888885,60.0,86.111115,50.666668,45.11111,64.666664,106.666664,55.333332,59.22222,6.407503768965741,5.930737337562887,6.444784898830495,5.691161940059176,5.527042511530662,6.037089262862683,6.750427819895711,5.815916902996266,5.912224019603644,6.261008668453041,0.28663013565737194,5.751764571484173,0.260367876931492,6.1595229141652075,0.5139992421099359,0.40775834268103406,0.5092440969688674,-0.10148575428783335
1278856,24521094,6624224,495,477,PSR2200160990.hg.1,2,31343286.0,31343591.0,probeset_region,74.0,94.0,65.111115,76.77778,64.44444,75.888885,45.22222,61.22222,70.55556,6.22881869049588,6.569855608330948,6.046820930748888,6.281286126114145,6.0321987850133105,6.264703162570771,5.53051469023991,5.959357995847494,6.160991910855191,6.281831743191906,0.26551667801751355,6.192729357899409,0.1392705901952181,5.883621532314199,0.321989736420418,-0.30910782558521,0.08910238529249703,-0.398210210877707
2181132,24521094,6624225,2291,813,PSR2200160990.hg.1,2,31343286.0,31343591.0,probeset_region,31.333334,35.22222,40.333332,27.88889,31.11111,39.444443,38.77778,29.555555,33.666668,5.014950369834244,5.178803119025299,5.369233765283099,4.852442832753238,5.005000662015305,5.337869578278967,5.3138908065674455,4.933362796963446,5.115477270337673,5.187662418047547,0.17730777325618466,5.065104357682503,0.24823199228255563,5.120910291289522,0.19032217372338087,0.05580593360701869,0.12255806036504424,-0.06675212675802555
3424097,24521094,6624226,1736,1277,PSR2200160990.hg.1,2,31343286.0,31343591.0,probeset_region,33.444443,46.666668,52.666668,32.11111,36.22222,39.555557,29.88889,42.11111,31.333334,5.106199332819732,5.574908874542861,5.7459544115763475,5.049243500551913,5.218092251046435,5.34182771263679,4.949016091077759,5.429987826560679,5.014950369834244,5.475687539646313,0.3312178968182584,5.203054488078379,0.14687062683411056,5.131318095824228,0.26074803608545727,-0.0717363922541514,0.2726330515679338,-0.34436944382208523
3929223,24521094,6624227,342,1466,PSR2200160990.hg.1,2,31343286.0,31343591.0,probeset_region,35.22222,37.22222,38.0,37.22222,47.0,48.666668,29.88889,36.444443,43.88889,5.178803119025299,5.256339721263013,5.285402218862249,5.256339721263013,5.584962500721156,5.634206056676876,4.949016091077759,5.226679714416758,5.48828649493187,5.24018168638352,0.05510583988913666,5.491836092887016,0.20542672108769963,5.221327433475462,0.26967504019041133,-0.27050865941155333,-0.25165440650349513,-0.0188542529080582
5711044,24521094,6624228,2643,2130,PSR2200160990.hg.1,2,31343286.0,31343591.0,probeset_region,40.444443,46.11111,53.77778,61.666668,48.555557,67.666664,59.0,45.555557,44.22222,5.373106759794749,5.557995440141064,5.775518857261948,5.969626380230124,5.630974947836241,6.101537973030558,5.906890595608519,5.540881484795891,5.49895995577998,5.568873685732587,0.20142647844151393,5.90071310036564,0.24273271365077123,5.64891067872813,0.22439826600035753,-0.2518024216375103,-0.3318394146330528,0.08003699299554246
6435895,24521094,6624229,1214,2401,PSR2200160990.hg.1,2,31343286.0,31343591.0,probeset_region,139.0,125.22222,129.11111,134.22223,129.77777,108.44444,137.55556,191.22223,162.22223,7.129283016944966,6.979822108373206,7.023600396657159,7.07918852362566,7.030973528782946,6.774054890552412,7.114320766040749,7.586631371980685,7.350693739056184,7.044235173991777,0.07683740185945247,6.961405647653673,0.16403170751940763,7.350548625692539,0.23615533640858838,0.38914297803886644,0.08282952633810403,0.3063134517007624
1915314,24521095,6624230,1793,714,PSR2200160991.hg.1,2,31344332.0,31345602.0,probeset_region,74.111115,129.44444,122.55556,94.888885,119.77778,87.55556,83.333336,126.22222,80.0,6.230954499969395,7.02729167291665,6.949016091077759,6.583291696719772,6.91621123371093,6.4685109401689616,6.398031117478646,6.9912068719289895,6.339850002884624,6.735754087987935,0.43891768559243505,6.656004623533221,0.23253873979129755,6.57636266409742,0.3604414627958367,-0.07964195943580066,0.07974946445471431,-0.15939142389051497
2981425,24521095,6624231,1264,1112,PSR2200160991.hg.1,2,31344332.0,31345602.0,probeset_region,136.66667,303.44446,298.0,170.66667,184.11111,319.0,108.666664,203.66667,146.77777,7.105035524000417,8.250035240679383,8.224001674198105,7.423466164094626,7.532247710350341,8.321928094887362,6.776981239558493,7.6771323805020835,7.207285462739383,7.859690812959301,0.6536802662702513,7.759213989777443,0.4903506187093971,7.22046636093332,0.4502203029555764,-0.5387476288441233,0.10047682318185824,-0.6392244520259815
3311101,24521095,6624232,1300,1235,PSR2200160991.hg.1,2,31344332.0,31345602.0,probeset_region,200.88889,422.44446,251.88889,240.22223,236.0,404.66666,185.33333,165.55556,187.88889,7.657417678560896,8.726028937580885,7.982359821519999,7.9142190497325355,7.888743248898259,8.66415091581545,7.541741932741391,7.37985968119119,7.561394003684188,8.121935479220594,0.547807930659083,8.155704404815415,0.4405117989544869,7.494331872538923,0.09962159864732718,-0.6613725322764923,-0.03376892559482059,-0.6276036066816717
3415901,24521095,6624233,1580,1274,PSR2200160991.hg.1,2,31344332.0,31345602.0,probeset_region,238.55556,443.8889,460.33334,218.33333,209.22223,503.55554,223.44444,276.66666,233.66667,7.904216471520666,8.797301246397787,8.849665758727388,7.776981239558493,7.715771418437842,8.978869281199763,7.810214565298934,8.117210131790179,7.874469149185714,8.517061158881946,0.531384482891709,8.157207313065365,0.7122379889891258,7.933964615424942,0.16191464522577145,-0.2232426976404236,0.35985384581658053,-0.5830965434570041
3659727,24521095,6624234,1526,1365,PSR2200160991.hg.1,2,31344332.0,31345602.0,probeset_region,80.55556,118.77778,85.111115,90.55556,67.22222,110.333336,40.333332,54.88889,86.111115,6.349711281392425,6.904216471520666,6.42812755552904,6.516575552456658,6.092169826001337,6.798741824707655,5.369233765283099,5.804489599304457,6.444784898830495,6.560685102814044,0.30007937112779215,6.469162401055217,0.3556641710002882,5.872836087806017,0.541023097553739,-0.5963263132492003,0.09152270175882649,-0.6878490150080268
3833741,24521095,6624235,1340,1430,PSR2200160991.hg.1,2,31344332.0,31345602.0,probeset_region,76.888885,65.22222,99.77778,50.333332,79.111115,109.55556,80.77778,61.666668,74.333336,6.283345569761521,6.049243500551913,6.6550337512217,5.68182400423709,6.323930508863084,6.7886277361131,6.353636969569713,5.969626380230124,6.235216510397082,6.329207607178379,0.30548805509980215,6.2647940830710915,0.5557665542880881,6.186159953398973,0.19664928812384821,-0.07863412967211847,0.0644135241072874,-0.14304765377940587
757767,24521096,6624236,2006,282,PSR2200160992.hg.1,2,31345603.0,31345776.0,probeset_region,164.55556,195.44444,214.77777,169.44444,140.33333,179.55556,196.11111,179.0,172.55556,7.37117162868156,7.617977545497887,7.753402438634389,7.413157751710048,7.142957901922752,7.496299014907808,7.622865317676991,7.491853096329675,7.439253750792996,7.580850537604611,0.19380121015006438,7.350804889513536,0.1847387211697984,7.517990721599888,0.09455518740118675,0.16718583208635174,0.23004564809107553,-0.06285981600472379
905590,24521096,6624237,2429,337,PSR2200160992.hg.1,2,31345603.0,31345776.0,probeset_region,104.77778,111.44444,120.55556,132.77777,100.888885,145.55556,110.77778,111.22222,160.22223,6.72489277342749,6.813068551499251,6.925472041472529,7.063694602181909,6.670852874140136,7.195303864498982,6.804489599304457,6.810214565298934,7.332906863310246,6.821144455466423,0.10053320775264325,6.976617113607009,0.27285358176955876,6.982537009304546,0.3034426960002354,0.0059198956975370365,-0.15547265814058608,0.16139255383812312
2566725,24521096,6624238,1964,957,PSR2200160992.hg.1,2,31345603.0,31345776.0,probeset_region,552.3333,450.33334,411.0,669.55554,432.0,393.44446,515.1111,463.8889,586.7778,9.11200497246788,8.8180495553705,8.686500527183219,9.389213025018591,8.758223214726724,8.62367835744561,9.011537803999827,8.86074212428179,9.199126988913497,8.872185018340533,0.21785659159751525,8.92370486573031,0.408716239496515,9.023802305731705,0.16952549264049627,0.1000974400013952,-0.051519847389776885,0.15161728739117208
2618571,24521096,6624239,210,977,PSR2200160992.hg.1,2,31345603.0,31345776.0,probeset_region,109.44444,86.111115,123.55556,103.888885,115.333336,88.55556,80.55556,103.22222,70.666664,6.787177017973314,6.444784898830495,6.96064558100074,6.712718001280165,6.862120757026862,6.484711054398036,6.349711281392425,6.70351909933864,6.163230297673468,6.730869165934849,0.26249950762463725,6.686516604235021,0.19006421497728757,6.405486892801512,0.2744288367177184,-0.28102971143350963,0.04435256169982793,-0.32538227313333756
5684681,24521096,6624240,400,2121,PSR2200160992.hg.1,2,31345603.0,31345776.0,probeset_region,83.55556,88.0,131.77777,122.55556,77.0,83.55556,65.666664,97.111115,80.666664,6.40182767098867,6.475733430966398,7.052869827739506,6.949016091077759,6.285402218862249,6.40182767098867,6.058893634019119,6.616344676067488,6.351675393355333,6.643476976564858,0.35646513894650617,6.545415326976226,0.3543429187428704,6.34230456781398,0.2788436396059589,-0.20311075916224564,0.09806164958863217,-0.3011724087508778
6702258,24521096,6624241,2257,2500,PSR2200160992.hg.1,2,31345603.0,31345776.0,probeset_region,64.22222,87.333336,106.22222,79.22222,110.111115,106.77778,97.333336,97.44444,129.11111,6.02729167291665,6.464886090264837,6.7444601193070275,6.325930010199859,6.795859327247332,6.751915946979486,6.619608680839537,6.621237862266454,7.023600396657159,6.412212627496172,0.3614740867400156,6.624568428142226,0.2595600771896189,6.7548156465877165,0.23277584702981935,0.1302472184454908,-0.21235580064605397,0.3426030190915448
626415,24521097,6624242,1974,233,PSR2200160993.hg.1,2,31345777.0,31345810.0,probeset_region,258.22223,161.66667,183.0,277.44446,256.77777,216.0,310.0,275.8889,240.66667,8.018045628285186,7.345774881951933,7.523561956057013,8.12124576815498,8.00998405061783,7.7615512324444795,8.280770770130603,8.11316333391413,7.916874714544974,7.62912748876471,0.3483461645630138,7.9642603504057625,0.18415491393337907,8.103602939529901,0.18213631069416464,0.13934258912413888,-0.3351328616410525,0.4744754507651914
2223616,24521097,6624243,1895,829,PSR2200160993.hg.1,2,31345777.0,31345810.0,probeset_region,55.0,65.111115,94.333336,70.55556,69.44444,71.333336,70.111115,95.22222,59.77778,5.807354922057604,6.046820930748888,6.574908874542861,6.160991910855191,6.138413993975045,6.176588782446316,6.152003162238109,6.588298200574378,5.925472041472529,6.143028242449784,0.39271701339828685,6.158664895758851,0.0191934850444238,6.221924468095005,0.33689964537971534,0.06325957233615398,-0.01563665330906705,0.07889622564522103
2229661,24521097,6624244,2580,831,PSR2200160993.hg.1,2,31345777.0,31345810.0,probeset_region,185.55556,129.44444,152.11111,205.55556,196.44444,138.33333,207.55556,199.22223,144.33333,7.543461526605962,7.02729167291665,7.258435203212311,7.690386065318901,7.625302952198195,7.122396578695182,7.704287945116734,7.645458343236441,7.1832217735654496,7.276396134244975,0.2585532358085689,7.479361865404093,0.31084902258130365,7.5109893539728745,0.28537505249925393,0.03162748856878128,-0.20296573115911798,0.23459321972789926
3495314,24521097,6624245,593,1304,PSR2200160993.hg.1,2,31345777.0,31345810.0,probeset_region,191.22223,153.33333,135.88889,135.88889,152.44444,134.11111,223.55556,87.333336,138.33333,7.586631371980685,7.26990583499312,7.0968615035159335,7.0968615035159335,7.261572586875276,7.078002548208146,7.810928615829941,6.464886090264837,7.122396578695182,7.3177995701632454,0.24837268049325525,7.145478879533119,0.1009813186295372,7.132737094929986,0.6730808382835026,-0.0127417846031328,0.17232069063012645,-0.18506247523325925
3702148,24521097,6624246,1067,1381,PSR2200160993.hg.1,2,31345777.0,31345810.0,probeset_region,206.66667,148.0,132.22223,183.11111,184.11111,164.33333,226.22223,196.66667,190.55556,7.698125887637964,7.219168520462161,7.057691015412374,7.524432912349784,7.532247710350341,7.369233765283099,7.827960169445535,7.626925830947577,7.581619070415799,7.324995141170834,0.33307455866309404,7.475304795994408,0.0919432729136125,7.678835023602971,0.1311179144106386,0.20353022760856376,-0.15030965482357406,0.3538398824321378
5800964,24521097,6624247,1443,2164,PSR2200160993.hg.1,2,31345777.0,31345810.0,probeset_region,160.33333,118.111115,136.88889,190.66667,159.44444,112.44444,163.77777,150.66667,140.0,7.333900691070422,6.896164230085943,7.107362363210559,7.582455683395414,7.325930010199859,6.82584212787449,7.364377821635974,7.244760282746834,7.139551352398794,7.1124757614556415,0.21891302485236852,7.244742607156589,0.38478508795064625,7.249563152260534,0.11249015949890184,0.004820545103945584,-0.13226684570094704,0.13708739080489263
1438124,24521098,6624248,1643,536,PSR2200160994.hg.1,2,31345811.0,31346232.0,probeset_region,143.0,105.888885,133.77777,230.0,121.0,132.44444,171.33333,129.0,172.55556,7.169925001442312,6.739968036561036,7.0744387610853545,7.851749041416057,6.930737337562887,7.06009541593378,7.429057927013934,7.022367813028454,7.439253750792996,6.9947772663629015,0.22577691028655106,7.280860598304241,0.4986166753819283,7.296893163611795,0.23780057777539754,0.016032565307553703,-0.28608333194133984,0.30211589724889354
3770645,24521098,6624249,2564,1406,PSR2200160994.hg.1,2,31345811.0,31346232.0,probeset_region,60.22222,55.555557,62.77778,71.55556,111.77778,69.22222,58.77778,103.666664,67.22222,5.9359834871526385,5.821596887882458,5.994981944409141,6.181014213815878,6.817339021474452,6.133855729318825,5.901537381573214,6.709658213116682,6.092169826001337,5.9175207731480794,0.08815468401055566,6.377402988203052,0.3817247250217696,6.234455140230412,0.42243183187062994,-0.14294784797264004,-0.4598822150549724,0.31693436708233236
4303569,24521098,6624250,2168,1605,PSR2200160994.hg.1,2,31345811.0,31346232.0,probeset_region,102.22222,154.44444,89.55556,105.888885,95.666664,108.888885,68.0,74.111115,86.333336,6.6896097730922355,7.280255229987073,6.500731274686899,6.739968036561036,6.594946551338986,6.779901664799549,6.108524456778169,6.230954499969395,6.4484605428273225,6.823532092588736,0.4066519272869601,6.704938750899857,0.09732618681142194,6.262646499858295,0.17216974993396167,-0.4422922510415619,0.1185933416888787,-0.5608855927304406
6100812,24521098,6624251,1131,2276,PSR2200160994.hg.1,2,31345811.0,31346232.0,probeset_region,133.33333,200.33333,209.22223,226.11111,186.77777,196.44444,199.88889,129.88889,167.0,7.069673473182047,7.653442202157268,7.715771418437842,7.827254501035211,7.552882477623614,7.625302952198195,7.65025393662135,7.0321987850133105,7.392317422778761,7.479629031259052,0.3563971134832733,7.668479976952341,0.14219069381541274,7.358256714804473,0.31043218499068564,-0.31022326214786755,-0.18885094569328853,-0.12137231645457902
6239779,24521098,6624252,738,2328,PSR2200160994.hg.1,2,31345811.0,31346232.0,probeset_region,157.77777,104.0,93.111115,245.22223,217.44444,83.111115,103.888885,120.22222,135.0,7.310865138033407,6.714245517666122,6.556293209870474,7.943817204342939,7.771122593701025,6.394224546703997,6.712718001280165,6.921510374792486,7.087462841250339,6.860467955190001,0.39797041299504904,7.36972144824932,0.8492064006056392,6.907230405774331,0.18778008921991027,-0.46249104247498884,-0.5092534930593189,0.04676245058433004
6428013,24521098,6624253,1372,2398,PSR2200160994.hg.1,2,31345811.0,31346232.0,probeset_region,139.0,124.44444,143.11111,126.22222,166.44444,105.0,141.77777,124.44444,129.11111,7.129283016944966,6.970904749832212,7.171037796755075,6.9912068719289895,7.3875386855478276,6.727920454563199,7.157627574113543,6.970904749832212,7.023600396657159,7.090408521177419,0.10557807032496416,7.035555337346672,0.3320378629772519,7.050710906867638,0.09626831306200168,0.015155569520966417,0.054853183830746666,-0.03969761430978025
277153,24521099,6624254,1112,103,PSR2200160995.hg.1,2,31346233.0,31346263.0,probeset_region,6061.222,6304.3335,6414.3335,6472.0,6576.5557,6652.5557,6105.8887,5312.1113,5269.1113,12.565631009557915,12.622356962977129,12.647308549299684,12.660218788535618,12.683335837240195,12.699909808433517,12.576221829859984,12.375341227258717,12.363617722964314,12.611765507278243,0.041856174274928104,12.68115481140311,0.019935193011616205,12.438393593361004,0.11950659906695127,-0.24276121804210504,-0.06938930412486677,-0.17337191391723827
349233,24521099,6624255,832,130,PSR2200160995.hg.1,2,31346233.0,31346263.0,probeset_region,5772.3335,5447.5557,5651.0,6040.3335,6302.4443,5592.1113,5746.3335,5066.6665,4907.5557,12.49518884956504,12.411658126945285,12.46454575033394,12.560651313660085,12.621924647958883,12.449435331405281,12.488677050418177,12.307105870507895,12.261082860559966,12.457130908948088,0.0422561274838049,12.544003764341417,0.08744139039962866,12.35228859382868,0.12033656002776441,-0.19171517051273668,-0.08687285539332912,-0.10484231511940756
3062801,24521099,6624256,2240,1142,PSR2200160995.hg.1,2,31346233.0,31346263.0,probeset_region,6689.6665,5153.1113,6062.1113,7164.778,6572.1113,5823.5557,6277.222,5549.3335,5153.6665,12.707934219592314,12.331507984218803,12.565842597461982,12.806907599548243,12.68236070469901,12.507932280230834,12.61614036725455,12.43835874417991,12.331663375936474,12.5350949337577,0.19008745825756695,12.665733528159363,0.15017958463119094,12.462054162456978,0.14371114877712207,-0.20367936570238498,-0.13063859440166325,-0.07304077130072173
3754257,24521099,6624257,2256,1400,PSR2200160995.hg.1,2,31346233.0,31346263.0,probeset_region,5965.5557,4716.5557,5385.0,5592.6665,6339.8887,5585.0,5363.4443,4842.222,4738.5557,12.542682626474885,12.203823825443429,12.394998514501673,12.449578527124212,12.630469332071137,12.44759985827995,12.389213025018591,12.241751468331584,12.210536096675586,12.38050165547333,0.169893910869062,12.5092159058251,0.10501320781168984,12.280500196675254,0.09543300865901438,-0.22871570914984574,-0.12871425035176998,-0.10000145879807576
6133780,24521099,6624258,1939,2288,PSR2200160995.hg.1,2,31346233.0,31346263.0,probeset_region,6460.3335,5666.1113,5830.778,5704.4443,6403.6665,6166.6665,5798.8887,5293.222,5191.778,12.65761622507155,12.468397828552309,12.509720044324883,12.47812353161267,12.644907734903187,12.590509043078423,12.501809492820348,12.370203022355517,12.342290787098532,12.545244699316248,0.09948568354049624,12.571180103198094,0.08505556157292803,12.404767767424799,0.08519152287680476,-0.16641233577329473,-0.025935403881845787,-0.14047693189144894
6170427,24521099,6624259,1066,2302,PSR2200160995.hg.1,2,31346233.0,31346263.0,probeset_region,6524.5557,5917.0,6269.778,5851.4443,7234.778,5910.5557,5790.4443,5386.0,5531.6665,12.671885039931611,12.530893981193922,12.6144286917745,12.5148235922311,12.820932396663896,12.529322119547958,12.499707473367089,12.395266349839096,12.433759248807707,12.60573590430001,0.0708963544658761,12.621692702814316,0.17269885213151986,12.44291102400463,0.052818588705953004,-0.17878167880968654,-0.015956798514306314,-0.16282488029538023
191904,23658341,1910522,1623,71,JUC2200054818.hg.1,1,,,junction,74.666664,65.77778,101.22222,72.111115,179.11111,62.555557,132.44444,103.111115,82.333336,6.241585938081258,6.061296197583165,6.675565037538052,6.192018839204111,7.492743401235968,5.989946373821705,7.06009541593378,6.701980283204663,6.3808218279684885,6.326149057734159,0.315744743169152,6.558236204753928,0.8155894160200785,6.714299175702311,0.3398043086264309,0.1560629709483825,-0.23208714701976962,0.38815011796815213
1990049,23658341,1910523,1488,742,JUC2200054818.hg.1,1,,,junction,82.333336,91.0,91.0,65.888885,98.77778,86.111115,160.22223,96.55556,94.333336,6.3808218279684885,6.523561956057013,6.523561956057013,6.063694602181909,6.64064664555595,6.444784898830495,7.332906863310246,6.608152153165687,6.574908874542861,6.475981913360838,0.08241105137607131,6.383042048856118,0.2933897573716392,6.838655963672931,0.42835644355795544,0.455613914816813,0.0929398645047197,0.3626740503120933
4842876,23658341,1910524,115,1807,JUC2200054818.hg.1,1,,,junction,53.555557,61.22222,80.888885,74.44444,79.333336,139.44444,117.111115,63.22222,83.111115,5.769654257706961,5.959357995847494,6.3555957479138705,6.2373427303815365,6.327926881180546,7.133855729318825,6.884000921507003,6.005000662015305,6.394224546703997,6.028202667156108,0.29897583357550306,6.566375113626969,0.4935352662004008,6.4277420434087675,0.4404576381283833,-0.13863307021820148,-0.5381724464708606,0.3995393762526591
6172496,23658341,1910525,455,2303,JUC2200054818.hg.1,1,,,junction,60.22222,88.77778,96.666664,68.22222,103.111115,80.55556,70.77778,60.666668,102.22222,5.9359834871526385,6.48828649493187,6.609794316134915,6.113163333914129,6.701980283204663,6.349711281392425,6.165465370290141,5.946418989543506,6.6896097730922355,6.344688099406475,0.35912481494815496,6.3882849661704055,0.2962976490135654,6.267164710975294,0.381890301146533,-0.1211202551951116,-0.04359686676393082,-0.07752338843118078
1353075,23658342,1910526,2354,504,JUC2200054819.hg.1,1,,,junction,58.77778,27.222221,37.88889,45.22222,39.444443,34.88889,38.666668,48.666668,32.333332,5.901537381573214,4.8187596419956416,5.281286126114145,5.53051469023991,5.337869578278967,5.165465370290141,5.309855308834222,5.634206056676876,5.058893634019119,5.333861049894334,0.5433001014992073,5.344616546269672,0.1826181608760418,5.334318333176739,0.288435305720488,-0.010298213092933217,-0.01075549637533868,0.0004572832824054629
4043843,23658342,1910527,2402,1508,JUC2200054819.hg.1,1,,,junction,40.22222,37.22222,35.0,33.11111,30.222221,32.666668,28.666666,42.333332,37.555557,5.365350345510325,5.256339721263013,5.169925001442312,5.092169826001337,4.9645012796081875,5.07324903652019,4.890770899327012,5.437405269973107,5.2688669145762335,5.263871689405216,0.09793014951533895,5.043306714043238,0.06890008302622184,5.199014361292117,0.2799318098986713,0.15570764724887898,0.22056497536197828,-0.0648573281130993
4412375,23658342,1910528,1094,1646,JUC2200054819.hg.1,1,,,junction,30.777779,31.666666,47.0,37.22222,40.0,38.0,39.0,32.444443,40.22222,4.989946373821705,5.029747315315252,5.584962500721156,5.256339721263013,5.357552004618084,5.285402218862249,5.321928094887363,5.063694602181909,5.365350345510325,5.201552063286038,0.3326389955891896,5.299764648247781,0.05211229326058858,5.250324347526532,0.16307780151768062,-0.049440300721249386,-0.09821258496174323,0.048772284240493846
5819321,23658342,1910529,1040,2171,JUC2200054819.hg.1,1,,,junction,45.333332,54.22222,55.555557,58.77778,49.77778,59.88889,69.55556,52.444443,36.555557,5.533978532409223,5.787177017973314,5.821596887882458,5.901537381573214,5.666125377700855,5.928107091560997,6.1406878148845845,5.739968036561036,5.230954499969395,5.714250812754998,0.157066078950676,5.831923283611688,0.1441984624589389,5.703870117138339,0.45593965708921436,-0.1280531664733484,-0.11767247085668942,-0.010380695616658997
370830,23658343,1910530,989,138,JUC2200054820.hg.1,1,,,junction,102.77778,186.66667,176.22223,152.44444,175.66667,289.8889,146.22223,131.44444,142.77777,6.697353750052028,7.552028650459924,7.469415762416888,7.261572586875276,7.464886090264837,8.184324363685679,7.201851709352303,7.049243500551913,7.1676968325014165,7.239599387642947,0.47141167882487733,7.636927680275264,0.48483651050810517,7.139597347468545,0.08009058710391793,-0.4973303328067189,-0.3973282926323165,-0.1000020401744024
2681118,23658343,1910531,1117,1000,JUC2200054820.hg.1,1,,,junction,130.33333,239.33333,200.33333,170.66667,147.66667,202.66667,115.44444,172.55556,112.77778,7.037089262862683,7.908892917987378,7.653442202157268,7.423466164094626,7.215937448557398,7.670066105126671,6.863497979089623,7.439253750792996,6.830075009306603,7.533141461002443,0.4481792102652632,7.436489905926233,0.22734428202139925,7.044275579729741,0.3424691087377583,-0.3922143261964912,0.09665155507621037,-0.4888658812727016
3226790,23658343,1910532,69,1204,JUC2200054820.hg.1,1,,,junction,129.33333,243.22223,153.33333,133.11111,279.55554,204.55556,119.333336,147.33333,104.333336,7.026062240284969,7.932050709568391,7.26990583499312,7.067284995789559,8.132142601337577,7.6833845658607025,6.910892556656013,7.212698975663436,6.7188182822878755,7.409339594948826,0.4688124429664476,7.62760405432928,0.5346157770992125,6.947469938202441,0.24896377939948577,-0.6801341161268386,-0.21826445938045325,-0.46186965674638536
4508467,23658343,1910533,706,1682,JUC2200054820.hg.1,1,,,junction,134.88889,220.44444,234.0,158.11111,220.66667,204.66667,134.66667,126.888885,128.66667,7.086283651085434,7.790800982351197,7.876516946564999,7.3138908065674455,7.792248062770823,7.684164214106996,7.083922537633,6.998747078438346,7.018663900855727,7.584533860000543,0.43362052493307773,7.5967676944817555,0.25086855098349775,7.033777838975691,0.04455376590565149,-0.5629898555060642,-0.012233834481212291,-0.5507560210248519
3170979,23658344,1910534,538,1183,JUC2200054821.hg.1,1,,,junction,55.11111,79.77778,94.44444,53.11111,60.22222,65.888885,56.0,79.0,56.22222,5.810214565298934,6.3358865676174325,6.576589294068934,5.757852949339322,5.9359834871526385,6.063694602181909,5.832890014164741,6.321928094887363,5.838503599255667,6.2408968089951005,0.39191816353247705,5.919177012891289,0.15361192120468525,5.997773902769257,0.2807397964044279,0.07859688987796787,0.3217197961038112,-0.24312290622584332
5131473,23658344,1910535,1952,1914,JUC2200054821.hg.1,1,,,junction,65.888885,115.666664,49.555557,71.77778,99.22222,116.333336,51.11111,97.111115,40.333332,6.063694602181909,6.8662485796629165,5.659797782025678,6.185426111786912,6.647058609610308,6.874469149185714,5.70351909933864,6.616344676067488,5.369233765283099,6.196580321290168,0.6141049116698802,6.568984623527645,0.3510936304236645,5.896365846896408,0.6455337380664736,-0.6726187766312366,-0.3724043022374772,-0.30021447439375937
5754050,23658344,1910536,89,2147,JUC2200054821.hg.1,1,,,junction,97.888885,135.88889,98.333336,80.0,103.0,97.666664,91.77778,59.333332,62.666668,6.62773647494228,7.0968615035159335,6.634206056676876,6.339850002884624,6.700439718141092,6.624490827722355,6.535707399101006,5.914883355956277,5.99246635612844,6.786268011711697,0.2690013043375749,6.55492684958269,0.19009365054663688,6.147685703728574,0.33826824790201737,-0.4072411458541154,0.23134116212900757,-0.638582307983123
5989604,23658344,1910537,2483,2234,JUC2200054821.hg.1,1,,,junction,71.55556,66.333336,126.55556,57.77778,73.666664,131.22223,40.88889,63.555557,69.888885,6.181014213815878,6.07324903652019,6.994981944409141,5.877198931478688,6.222392372198547,7.046820930748888,5.388495726424349,6.012469389851681,6.147487543313843,6.41641506491507,0.5039425154668171,6.382137411475374,0.6009515483584108,5.8494842198632915,0.40489538000996267,-0.5326531916120825,0.034277653439696465,-0.5669308450517789
217966,23658345,1910538,885,81,JUC2200054822.hg.1,1,,,junction,62.555557,81.0,65.0,64.666664,96.111115,92.22222,98.77778,87.888885,94.111115,5.989946373821705,6.357552004618084,6.044394119358453,6.037089262862683,6.601564518433066,6.542601985878453,6.64064664555595,6.473931133297963,6.571542036392898,6.130630832599414,0.1983962020333395,6.3937519223914,0.31028266884872424,6.562039938415604,0.08376295664754396,0.16828801602420462,-0.26312108979198534,0.43140910581618996
2471533,23658345,1910539,572,922,JUC2200054822.hg.1,1,,,junction,114.22222,91.666664,94.333336,103.111115,96.55556,91.666664,79.333336,94.0,121.0,6.848275166756748,6.533978532409223,6.574908874542861,6.701980283204663,6.608152153165687,6.533978532409223,6.327926881180546,6.569855608330948,6.930737337562887,6.652387524569611,0.17087363605314065,6.614703656259857,0.08419227228301898,6.609506609024794,0.30335501145191085,-0.005197047235062868,0.03768386830975423,-0.0428809155448171
2515165,23658345,1910540,1324,938,JUC2200054822.hg.1,1,,,junction,99.22222,84.44444,66.888885,84.22222,111.77778,71.333336,96.666664,77.77778,75.44444,6.647058609610308,6.416914757893013,6.085103496318218,6.413157751710048,6.817339021474452,6.176588782446316,6.609794316134915,6.299716831321731,6.256339721263013,6.383025621273846,0.2825061813914449,6.469028518543605,0.32400829332531067,6.388616956239886,0.19276919312188528,-0.08041156230371893,-0.08600289726975952,0.005591334966040584
2819777,23658345,1910541,416,1052,JUC2200054822.hg.1,1,,,junction,160.22223,140.33333,191.11111,117.22222,98.888885,103.22222,88.666664,90.0,87.55556,7.332906863310246,7.142957901922752,7.585797177664144,6.885357423714056,6.642252255098209,6.70351909933864,6.486499820917662,6.507794640198696,6.4685109401689616,7.3538873142990475,0.22216388214010038,6.743709592716968,0.1264376825571786,6.48760180042844,0.019665020751023308,-0.2561077922885282,0.6101777215820796,-0.8662855138706078
136460,23658346,1910542,2459,50,JUC2200054823.hg.1,1,,,junction,217.44444,252.55556,223.77777,199.0,235.55556,318.66666,197.33333,204.66667,192.33333,7.771122593701025,7.9861580844930735,7.812355559588972,7.643856189774724,7.886035243349943,8.32042445838711,7.631783320476201,7.684164214106996,7.594946551338986,7.8565454125943575,0.11412547001665499,7.950105297170592,0.34280444041862435,7.636964695307395,0.04483394719743713,-0.31314060186319725,-0.09355988457623443,-0.21958071728696282
1816737,23658346,1910543,2376,677,JUC2200054823.hg.1,1,,,junction,153.33333,297.66666,228.44444,167.88889,226.77777,264.66666,169.88889,148.55556,148.0,7.26990583499312,8.222392372198547,7.8420010542040695,7.399930577923136,7.83148314999678,8.053473358027711,7.416914757893013,7.224537709522967,7.219168520462161,7.778099753798578,0.479447789685729,7.761629028649209,0.3323239986197731,7.286873662626047,0.11265088500081427,-0.47475536602316204,0.01647072514936898,-0.491226091172531
5276565,23658346,1910544,2324,1968,JUC2200054823.hg.1,1,,,junction,208.66667,305.1111,278.55554,174.33333,258.66666,352.0,130.55556,241.44444,137.44444,7.711953741156192,8.257911617997172,8.126991135440857,7.453956446719854,8.020516960822464,8.46352437327118,7.039528382779356,7.921510374792486,7.113163333914129,8.032285498198073,0.2850339788785697,7.979332593604499,0.5060424524263202,7.358067363828657,0.4893429742625761,-0.6212652297758421,0.05295290459357371,-0.6742181343694158
6518241,23658346,1910545,480,2432,JUC2200054823.hg.1,1,,,junction,232.55556,298.1111,272.0,178.22223,203.88889,337.66666,170.66667,170.33333,175.88889,7.867621962992644,8.224537709522966,8.092757140919852,7.485605776304227,7.678697915110909,8.403722142716799,7.423466164094626,7.420662005644357,7.466699591445835,8.061638937811821,0.18048121634626949,7.8560086113773115,0.4840596325108232,7.436942587061606,0.025808434834290305,-0.41906602431570583,0.20563032643450985,-0.6246963507502157
880344,23658347,1910546,1303,328,JUC2200054824.hg.1,1,,,junction,119.77778,225.11111,292.0,132.0,172.55556,245.22223,182.22223,177.55556,146.44444,6.91621123371093,7.820888099346461,8.194756854422248,7.05528243550119,7.439253750792996,7.943817204342939,7.517450735394254,7.480229225931462,7.204027637338748,7.643952062493213,0.657380785323866,7.479451130212375,0.4456291965797398,7.400569199554821,0.17122441254220477,-0.07888193065755456,0.16450093228083773,-0.24338286293839229
4994008,23658347,1910547,1167,1863,JUC2200054824.hg.1,1,,,junction,81.666664,199.44444,186.77777,104.0,98.111115,198.88889,72.0,95.666664,83.111115,6.369233765283099,7.647058609610308,7.552882477623614,6.714245517666122,6.630974947836241,7.643054445335818,6.189824558880018,6.594946551338986,6.394224546703997,7.1897249508390075,0.7121247258312261,6.996091636946061,0.5618310720578029,6.392998552307667,0.20256377882083468,-0.6030930846383944,0.19363331389294647,-0.7967263985313409
6358286,23658347,1910548,1325,2372,JUC2200054824.hg.1,1,,,junction,95.77778,194.44444,216.11111,96.44444,112.333336,115.44444,69.55556,89.111115,84.44444,6.596603919793624,7.610614753514708,7.762289773058089,6.60650800590119,6.82442846778975,6.863497979089623,6.1406878148845845,6.493633157062948,6.416914757893013,7.3231694821221405,0.6337779304769816,6.764811484260188,0.13847960183262034,6.350411909946849,0.18563290449180495,-0.4143995743133395,0.5583579978619522,-0.9727575721752917
6731795,23658347,1910549,2314,2511,JUC2200054824.hg.1,1,,,junction,115.44444,146.22223,148.33333,87.44444,88.77778,175.33333,78.888885,87.77778,108.55556,6.863497979089623,7.201851709352303,7.222392372198547,6.466699591445835,6.48828649493187,7.4621613697789195,6.31992289776255,6.472126705261497,6.775518857261948,7.095914020213492,0.20154005020419455,6.805715818718874,0.5686009758437135,6.522522820095332,0.2319412552152011,-0.28319299862354264,0.2901982014946176,-0.5733912001181602
